{"cameraMode":{"drawMode":0,"name":"Shaded","section":"Shading Mode"},"sceneLighting":true,"audioPlay":false,"sceneViewState":{"showFog":true,"showMaterialUpdate":true,"showSkybox":false,"showFlares":true,"showImageEffects":true,"showParticleSystems":true},"in2DMode":false,"pivot":{"x":-0.6864233016967773,"y":-0.9995809197425842,"z":0.7414729595184326},"rotation":{"x":-0.3336893320083618,"y":0.5189032554626465,"z":-0.23005282878875733,"w":-0.7526507377624512},"size":4.24523401260376,"orthographic":false}