{"cameraMode":{"drawMode":0,"name":"Shaded","section":"Shading Mode"},"sceneLighting":true,"audioPlay":false,"sceneViewState":{"showFog":true,"showMaterialUpdate":true,"showSkybox":false,"showFlares":true,"showImageEffects":true,"showParticleSystems":true},"in2DMode":false,"pivot":{"x":16.819604873657228,"y":-0.30110931396484377,"z":19.721267700195314},"rotation":{"x":-0.011365191079676152,"y":-0.3837703466415405,"z":0.0047288439236581329,"w":-0.9233606457710266},"size":27.340641021728517,"orthographic":false}