{"cameraMode":{"drawMode":0,"name":"Shaded","section":"Shading Mode"},"sceneLighting":true,"audioPlay":false,"sceneViewState":{"showFog":true,"showMaterialUpdate":true,"showSkybox":false,"showFlares":true,"showImageEffects":true,"showParticleSystems":true},"in2DMode":false,"pivot":{"x":0.4054802656173706,"y":0.04166668653488159,"z":0.2598518133163452},"rotation":{"x":-0.07614539563655853,"y":0.8920490741729736,"z":-0.16399399936199189,"w":-0.41419681906700137},"size":5.656569957733154,"orthographic":false}